{
  "mean": [
    [
      2.31000988527021,
      0.013662558248390844,
      0.011640506720386358
    ],
    [
      4.606891981066388,
      0.058003489302162814,
      0.023355265772208485
    ],
    [
      6.886518807491007,
      0.13266977158454044,
      0.03485367681035272
    ],
    [
      9.14315288589981,
      0.2360182307484342,
      0.04579801649935848
    ],
    [
      11.36963933818203,
      0.36530378628307997,
      0.05593551856649858
    ],
    [
      13.558712476455257,
      0.5171814004385925,
      0.06514203534367734
    ],
    [
      15.704015897751797,
      0.6882382267309959,
      0.0734515658824195
    ],
    [
      17.800932056511083,
      0.8750201330375723,
      0.08096411683777281
    ]
  ],
  "std": [
    [
      1.5374898762751932,
      0.07133818635027929,
      0.058588732475928704
    ],
    [
      3.025315414414952,
      0.2894509843748429,
      0.11593699886723137
    ],
    [
      4.462777492979585,
      0.6525738115432842,
      0.17163369834446818
    ],
    [
      5.85337468230413,
      1.15190427278414,
      0.22559214583737658
    ],
    [
      7.207833350844001,
      1.7763941286752147,
      0.27758490133453184
    ],
    [
      8.542386874300647,
      2.513753350878372,
      0.32713564203988915
    ],
    [
      9.873612487638493,
      3.3511656112196557,
      0.37358010840102607
    ],
    [
      11.215543072126291,
      4.27579579389259,
      0.41629580495346663
    ]
  ],
  "num_points": 103288
}